age;space;|0    0
1    1
2    2
3    3
4    4
5    5
Name: age, dtype: int64|
0.0;0.011111111111111112;0.18888888888888888;0.6611111111111111;0.12222222222222222;0.016666666666666666
('2021','хариус нижнеамурский',0.0,1.11,18.89,66.11,12.22,1.67)